<?xml version="1.0" encoding="utf-8"?>
<ArrayOfTreeViewNode xmlns:xsd="http://www.w3.org/2001/XMLSchema" xmlns:xsi="http://www.w3.org/2001/XMLSchema-instance">
  <TreeViewNode xsi:type="BookmarkNode">
    <Level>0</Level>
    <IsExpanded>false</IsExpanded>
    <IsLeaf>true</IsLeaf>
    <Name>ssif</Name>
    <Children />
    <CanSelect>true</CanSelect>
    <HasError>false</HasError>
    <Path>C:\Users\P191566\Documents\git\ssif</Path>
    <RepoType>Git</RepoType>
  </TreeViewNode>
  <TreeViewNode xsi:type="BookmarkNode">
    <Level>0</Level>
    <IsExpanded>false</IsExpanded>
    <IsLeaf>true</IsLeaf>
    <Name>see-g</Name>
    <Children />
    <CanSelect>true</CanSelect>
    <HasError>false</HasError>
    <Path>C:\Users\P191566\Documents\git\see-g</Path>
    <RepoType>Git</RepoType>
  </TreeViewNode>
</ArrayOfTreeViewNode>